Admissões,Desligamentos,Saldos,data,mes,ano,atividade
87523.0,64648.0,22875.0,Fevereiro/2021,Fevereiro,2021,"['Agricultura, pecuária, produção florestal, pesca e aquicultura']"
322289.0,229290.0,92999.0,Fevereiro/2021,Fevereiro,2021,['Indústria geral']
5560.0,3212.0,2348.0,Fevereiro/2021,Fevereiro,2021,['Indústrias Extrativas']
305903.0,218357.0,87546.0,Fevereiro/2021,Fevereiro,2021,['Indústrias de Transformação']
1842.0,1436.0,406.0,Fevereiro/2021,Fevereiro,2021,['Eletricidade e Gás']
8984.0,6285.0,2699.0,Fevereiro/2021,Fevereiro,2021,"['Água, Esgoto, Atividades de Gestão de Resíduos e Descontaminação']"
166683.0,122485.0,44198.0,Fevereiro/2021,Fevereiro,2021,['Construção']
386423.0,320487.0,65936.0,Fevereiro/2021,Fevereiro,2021,['Comércio; reparação de veículos automotores e motocicletas']
752507.0,580600.0,171907.0,Fevereiro/2021,Fevereiro,2021,['Serviços']
85014.0,74053.0,10961.0,Fevereiro/2021,Fevereiro,2021,"['Transporte, armazenagem e correio']"
87386.0,70540.0,16846.0,Fevereiro/2021,Fevereiro,2021,['Alojamento e alimentação']
375272.0,303102.0,72170.0,Fevereiro/2021,Fevereiro,2021,"['Informação, comunicação e atividades financeiras, imobiliárias, profissionais e administrativas']"
36304.0,26314.0,9990.0,Fevereiro/2021,Fevereiro,2021,['Informação e Comunicação']
17736.0,14483.0,3253.0,Fevereiro/2021,Fevereiro,2021,"['Atividades Financeiras, de Seguros e Serviços Relacionados']"
6402.0,4661.0,1741.0,Fevereiro/2021,Fevereiro,2021,['Atividades Imobiliárias']
56608.0,41107.0,15501.0,Fevereiro/2021,Fevereiro,2021,"['Atividades Profissionais, Científicas e Técnicas']"
258222.0,216537.0,41685.0,Fevereiro/2021,Fevereiro,2021,['Atividades Administrativas e Serviços Complementares']
162056.0,101954.0,60102.0,Fevereiro/2021,Fevereiro,2021,"['Administração pública, defesa e seguridade social, educação, saúde humana e serviços sociais']"
10619.0,3990.0,6629.0,Fevereiro/2021,Fevereiro,2021,"['Administração Pública, Defesa e Seguridade Social']"
69644.0,42071.0,27573.0,Fevereiro/2021,Fevereiro,2021,['Educação']
81793.0,55893.0,25900.0,Fevereiro/2021,Fevereiro,2021,['Saúde Humana e Serviços Sociais']
95.0,46.0,49.0,Fevereiro/2021,Fevereiro,2021,['Serviços domésticos']
42684.0,30905.0,11779.0,Fevereiro/2021,Fevereiro,2021,['Outros serviços']
8834.0,6853.0,1981.0,Fevereiro/2021,Fevereiro,2021,"['Artes, Cultura, Esporte e Recreação']"
33832.0,24032.0,9800.0,Fevereiro/2021,Fevereiro,2021,['Outras Atividades de Serviços']
18.0,20.0,-2.0,Fevereiro/2021,Fevereiro,2021,['Organismos Internacionais e Outras Instituições Extraterritoriais']
55550.0,71871.0,-16321.0,Novembro/2020,Novembro,2020,"['Agricultura, pecuária, produção florestal, pesca e aquicultura']"
253408.0,202895.0,50513.0,Novembro/2020,Novembro,2020,['Indústria geral']
4383.0,3303.0,1080.0,Novembro/2020,Novembro,2020,['Indústrias Extrativas']
240342.0,192254.0,48088.0,Novembro/2020,Novembro,2020,['Indústrias de Transformação']
1539.0,1225.0,314.0,Novembro/2020,Novembro,2020,['Eletricidade e Gás']
7144.0,6113.0,1031.0,Novembro/2020,Novembro,2020,"['Água, Esgoto, Atividades de Gestão de Resíduos e Descontaminação']"
141136.0,120040.0,21096.0,Novembro/2020,Novembro,2020,['Construção']
436572.0,259137.0,177435.0,Novembro/2020,Novembro,2020,['Comércio; reparação de veículos automotores e motocicletas']
666171.0,489946.0,176225.0,Novembro/2020,Novembro,2020,['Serviços']
84360.0,66458.0,17902.0,Novembro/2020,Novembro,2020,"['Transporte, armazenagem e correio']"
88563.0,52856.0,35707.0,Novembro/2020,Novembro,2020,['Alojamento e alimentação']
375975.0,274125.0,101850.0,Novembro/2020,Novembro,2020,"['Informação, comunicação e atividades financeiras, imobiliárias, profissionais e administrativas']"
32131.0,30982.0,1149.0,Novembro/2020,Novembro,2020,['Informação e Comunicação']
15106.0,13620.0,1486.0,Novembro/2020,Novembro,2020,"['Atividades Financeiras, de Seguros e Serviços Relacionados']"
5333.0,3636.0,1697.0,Novembro/2020,Novembro,2020,['Atividades Imobiliárias']
49014.0,35641.0,13373.0,Novembro/2020,Novembro,2020,"['Atividades Profissionais, Científicas e Técnicas']"
274391.0,190246.0,84145.0,Novembro/2020,Novembro,2020,['Atividades Administrativas e Serviços Complementares']
84824.0,72194.0,12630.0,Novembro/2020,Novembro,2020,"['Administração pública, defesa e seguridade social, educação, saúde humana e serviços sociais']"
1640.0,4032.0,-2392.0,Novembro/2020,Novembro,2020,"['Administração Pública, Defesa e Seguridade Social']"
19452.0,19309.0,143.0,Novembro/2020,Novembro,2020,['Educação']
63732.0,48853.0,14879.0,Novembro/2020,Novembro,2020,['Saúde Humana e Serviços Sociais']
65.0,36.0,29.0,Novembro/2020,Novembro,2020,['Serviços domésticos']
32384.0,24277.0,8107.0,Novembro/2020,Novembro,2020,['Outros serviços']
7726.0,5041.0,2685.0,Novembro/2020,Novembro,2020,"['Artes, Cultura, Esporte e Recreação']"
24645.0,19221.0,5424.0,Novembro/2020,Novembro,2020,['Outras Atividades de Serviços']
13.0,15.0,-2.0,Novembro/2020,Novembro,2020,['Organismos Internacionais e Outras Instituições Extraterritoriais']
90004.0,81118.0,8886.0,Setembro/2021,Setembro,2021,"['Agricultura, pecuária, produção florestal, pesca e aquicultura']"
310478.0,234283.0,76195.0,Setembro/2021,Setembro,2021,['Indústria geral']
5947.0,4279.0,1668.0,Setembro/2021,Setembro,2021,['Indústrias Extrativas']
293711.0,220934.0,72777.0,Setembro/2021,Setembro,2021,['Indústrias de Transformação']
2083.0,1765.0,318.0,Setembro/2021,Setembro,2021,['Eletricidade e Gás']
8737.0,7305.0,1432.0,Setembro/2021,Setembro,2021,"['Água, Esgoto, Atividades de Gestão de Resíduos e Descontaminação']"
170070.0,143864.0,26206.0,Setembro/2021,Setembro,2021,['Construção']
418178.0,357783.0,60395.0,Setembro/2021,Setembro,2021,['Comércio; reparação de veículos automotores e motocicletas']
801237.0,655926.0,145311.0,Setembro/2021,Setembro,2021,['Serviços']
96158.0,78225.0,17933.0,Setembro/2021,Setembro,2021,"['Transporte, armazenagem e correio']"
111105.0,79375.0,31730.0,Setembro/2021,Setembro,2021,['Alojamento e alimentação']
414113.0,349512.0,64601.0,Setembro/2021,Setembro,2021,"['Informação, comunicação e atividades financeiras, imobiliárias, profissionais e administrativas']"
43385.0,33522.0,9863.0,Setembro/2021,Setembro,2021,['Informação e Comunicação']
22574.0,16471.0,6103.0,Setembro/2021,Setembro,2021,"['Atividades Financeiras, de Seguros e Serviços Relacionados']"
7114.0,5573.0,1541.0,Setembro/2021,Setembro,2021,['Atividades Imobiliárias']
64625.0,51067.0,13558.0,Setembro/2021,Setembro,2021,"['Atividades Profissionais, Científicas e Técnicas']"
276415.0,242879.0,33536.0,Setembro/2021,Setembro,2021,['Atividades Administrativas e Serviços Complementares']
132171.0,112899.0,19272.0,Setembro/2021,Setembro,2021,"['Administração pública, defesa e seguridade social, educação, saúde humana e serviços sociais']"
5663.0,4719.0,944.0,Setembro/2021,Setembro,2021,"['Administração Pública, Defesa e Seguridade Social']"
51394.0,35387.0,16007.0,Setembro/2021,Setembro,2021,['Educação']
75114.0,72793.0,2321.0,Setembro/2021,Setembro,2021,['Saúde Humana e Serviços Sociais']
115.0,83.0,32.0,Setembro/2021,Setembro,2021,['Serviços domésticos']
47575.0,35832.0,11743.0,Setembro/2021,Setembro,2021,['Outros serviços']
11586.0,7684.0,3902.0,Setembro/2021,Setembro,2021,"['Artes, Cultura, Esporte e Recreação']"
35970.0,28137.0,7833.0,Setembro/2021,Setembro,2021,['Outras Atividades de Serviços']
19.0,11.0,8.0,Setembro/2021,Setembro,2021,['Organismos Internacionais e Outras Instituições Extraterritoriais']
84013.0,47184.0,36829.0,Junho/2020,Junho,2020,"['Agricultura, pecuária, produção florestal, pesca e aquicultura']"
145974.0,151491.0,-5517.0,Junho/2020,Junho,2020,['Indústria geral']
3563.0,2927.0,636.0,Junho/2020,Junho,2020,['Indústrias Extrativas']
137323.0,141765.0,-4442.0,Junho/2020,Junho,2020,['Indústrias de Transformação']
750.0,1084.0,-334.0,Junho/2020,Junho,2020,['Eletricidade e Gás']
4338.0,5715.0,-1377.0,Junho/2020,Junho,2020,"['Água, Esgoto, Atividades de Gestão de Resíduos e Descontaminação']"
114898.0,97882.0,17016.0,Junho/2020,Junho,2020,['Construção']
191301.0,211100.0,-19799.0,Junho/2020,Junho,2020,['Comércio; reparação de veículos automotores e motocicletas']
373990.0,425630.0,-51640.0,Junho/2020,Junho,2020,['Serviços']
47990.0,56840.0,-8850.0,Junho/2020,Junho,2020,"['Transporte, armazenagem e correio']"
17676.0,55780.0,-38104.0,Junho/2020,Junho,2020,['Alojamento e alimentação']
223257.0,212424.0,10833.0,Junho/2020,Junho,2020,"['Informação, comunicação e atividades financeiras, imobiliárias, profissionais e administrativas']"
19171.0,17927.0,1244.0,Junho/2020,Junho,2020,['Informação e Comunicação']
7656.0,8838.0,-1182.0,Junho/2020,Junho,2020,"['Atividades Financeiras, de Seguros e Serviços Relacionados']"
2907.0,3370.0,-463.0,Junho/2020,Junho,2020,['Atividades Imobiliárias']
26518.0,30407.0,-3889.0,Junho/2020,Junho,2020,"['Atividades Profissionais, Científicas e Técnicas']"
167005.0,151882.0,15123.0,Junho/2020,Junho,2020,['Atividades Administrativas e Serviços Complementares']
69728.0,76856.0,-7128.0,Junho/2020,Junho,2020,"['Administração pública, defesa e seguridade social, educação, saúde humana e serviços sociais']"
2402.0,2672.0,-270.0,Junho/2020,Junho,2020,"['Administração Pública, Defesa e Seguridade Social']"
8517.0,28934.0,-20417.0,Junho/2020,Junho,2020,['Educação']
58809.0,45250.0,13559.0,Junho/2020,Junho,2020,['Saúde Humana e Serviços Sociais']
44.0,41.0,3.0,Junho/2020,Junho,2020,['Serviços domésticos']
15295.0,23689.0,-8394.0,Junho/2020,Junho,2020,['Outros serviços']
1151.0,5672.0,-4521.0,Junho/2020,Junho,2020,"['Artes, Cultura, Esporte e Recreação']"
14133.0,17993.0,-3860.0,Junho/2020,Junho,2020,['Outras Atividades de Serviços']
11.0,24.0,-13.0,Junho/2020,Junho,2020,['Organismos Internacionais e Outras Instituições Extraterritoriais']
52759.0,58200.0,-5441.0,Abril/2020,Abril,2020,"['Agricultura, pecuária, produção florestal, pesca e aquicultura']"
96258.0,301336.0,-205078.0,Abril/2020,Abril,2020,['Indústria geral']
2063.0,3349.0,-1286.0,Abril/2020,Abril,2020,['Indústrias Extrativas']
89813.0,290573.0,-200760.0,Abril/2020,Abril,2020,['Indústrias de Transformação']
667.0,617.0,50.0,Abril/2020,Abril,2020,['Eletricidade e Gás']
3715.0,6797.0,-3082.0,Abril/2020,Abril,2020,"['Água, Esgoto, Atividades de Gestão de Resíduos e Descontaminação']"
59027.0,128597.0,-69570.0,Abril/2020,Abril,2020,['Construção']
116937.0,360134.0,-243197.0,Abril/2020,Abril,2020,['Comércio; reparação de veículos automotores e motocicletas']
292663.0,671694.0,-379031.0,Abril/2020,Abril,2020,['Serviços']
36059.0,88813.0,-52754.0,Abril/2020,Abril,2020,"['Transporte, armazenagem e correio']"
12308.0,148710.0,-136402.0,Abril/2020,Abril,2020,['Alojamento e alimentação']
163581.0,299684.0,-136103.0,Abril/2020,Abril,2020,"['Informação, comunicação e atividades financeiras, imobiliárias, profissionais e administrativas']"
12245.0,25432.0,-13187.0,Abril/2020,Abril,2020,['Informação e Comunicação']
5328.0,10862.0,-5534.0,Abril/2020,Abril,2020,"['Atividades Financeiras, de Seguros e Serviços Relacionados']"
1678.0,5284.0,-3606.0,Abril/2020,Abril,2020,['Atividades Imobiliárias']
18259.0,40844.0,-22585.0,Abril/2020,Abril,2020,"['Atividades Profissionais, Científicas e Técnicas']"
126071.0,217262.0,-91191.0,Abril/2020,Abril,2020,['Atividades Administrativas e Serviços Complementares']
69869.0,90665.0,-20796.0,Abril/2020,Abril,2020,"['Administração pública, defesa e seguridade social, educação, saúde humana e serviços sociais']"
2424.0,2474.0,-50.0,Abril/2020,Abril,2020,"['Administração Pública, Defesa e Seguridade Social']"
8713.0,32337.0,-23624.0,Abril/2020,Abril,2020,['Educação']
58732.0,55854.0,2878.0,Abril/2020,Abril,2020,['Saúde Humana e Serviços Sociais']
17.0,54.0,-37.0,Abril/2020,Abril,2020,['Serviços domésticos']
10829.0,43768.0,-32939.0,Abril/2020,Abril,2020,['Outros serviços']
884.0,15468.0,-14584.0,Abril/2020,Abril,2020,"['Artes, Cultura, Esporte e Recreação']"
9939.0,28289.0,-18350.0,Abril/2020,Abril,2020,['Outras Atividades de Serviços']
6.0,11.0,-5.0,Abril/2020,Abril,2020,['Organismos Internacionais e Outras Instituições Extraterritoriais']
63456.0,89529.0,-26073.0,Dezembro/2021,Dezembro,2021,"['Agricultura, pecuária, produção florestal, pesca e aquicultura']"
166083.0,258130.0,-92047.0,Dezembro/2021,Dezembro,2021,['Indústria geral']
3628.0,4753.0,-1125.0,Dezembro/2021,Dezembro,2021,['Indústrias Extrativas']
152635.0,240931.0,-88296.0,Dezembro/2021,Dezembro,2021,['Indústrias de Transformação']
1210.0,1786.0,-576.0,Dezembro/2021,Dezembro,2021,['Eletricidade e Gás']
8610.0,10660.0,-2050.0,Dezembro/2021,Dezembro,2021,"['Água, Esgoto, Atividades de Gestão de Resíduos e Descontaminação']"
113698.0,165731.0,-52033.0,Dezembro/2021,Dezembro,2021,['Construção']
390748.0,381735.0,9013.0,Dezembro/2021,Dezembro,2021,['Comércio; reparação de veículos automotores e motocicletas']
703925.0,808595.0,-104670.0,Dezembro/2021,Dezembro,2021,['Serviços']
77707.0,89668.0,-11961.0,Dezembro/2021,Dezembro,2021,"['Transporte, armazenagem e correio']"
110965.0,90858.0,20107.0,Dezembro/2021,Dezembro,2021,['Alojamento e alimentação']
390596.0,408486.0,-17890.0,Dezembro/2021,Dezembro,2021,"['Informação, comunicação e atividades financeiras, imobiliárias, profissionais e administrativas']"
36326.0,31549.0,4777.0,Dezembro/2021,Dezembro,2021,['Informação e Comunicação']
16625.0,15436.0,1189.0,Dezembro/2021,Dezembro,2021,"['Atividades Financeiras, de Seguros e Serviços Relacionados']"
5617.0,5643.0,-26.0,Dezembro/2021,Dezembro,2021,['Atividades Imobiliárias']
50565.0,58028.0,-7463.0,Dezembro/2021,Dezembro,2021,"['Atividades Profissionais, Científicas e Técnicas']"
281463.0,297830.0,-16367.0,Dezembro/2021,Dezembro,2021,['Atividades Administrativas e Serviços Complementares']
88102.0,172485.0,-84383.0,Dezembro/2021,Dezembro,2021,"['Administração pública, defesa e seguridade social, educação, saúde humana e serviços sociais']"
2370.0,20153.0,-17783.0,Dezembro/2021,Dezembro,2021,"['Administração Pública, Defesa e Seguridade Social']"
19236.0,81780.0,-62544.0,Dezembro/2021,Dezembro,2021,['Educação']
66496.0,70552.0,-4056.0,Dezembro/2021,Dezembro,2021,['Saúde Humana e Serviços Sociais']
112.0,109.0,3.0,Dezembro/2021,Dezembro,2021,['Serviços domésticos']
36443.0,46989.0,-10546.0,Dezembro/2021,Dezembro,2021,['Outros serviços']
10035.0,9223.0,812.0,Dezembro/2021,Dezembro,2021,"['Artes, Cultura, Esporte e Recreação']"
26387.0,37734.0,-11347.0,Dezembro/2021,Dezembro,2021,['Outras Atividades de Serviços']
21.0,32.0,-11.0,Dezembro/2021,Dezembro,2021,['Organismos Internacionais e Outras Instituições Extraterritoriais']
83540.0,89384.0,-5844.0,Outubro/2021,Outubro,2021,"['Agricultura, pecuária, produção florestal, pesca e aquicultura']"
270604.0,243907.0,26697.0,Outubro/2021,Outubro,2021,['Indústria geral']
5326.0,4175.0,1151.0,Outubro/2021,Outubro,2021,['Indústrias Extrativas']
254012.0,230265.0,23747.0,Outubro/2021,Outubro,2021,['Indústrias de Transformação']
1816.0,1515.0,301.0,Outubro/2021,Outubro,2021,['Eletricidade e Gás']
9450.0,7952.0,1498.0,Outubro/2021,Outubro,2021,"['Água, Esgoto, Atividades de Gestão de Resíduos e Descontaminação']"
166443.0,149207.0,17236.0,Outubro/2021,Outubro,2021,['Construção']
433236.0,362881.0,70355.0,Outubro/2021,Outubro,2021,['Comércio; reparação de veículos automotores e motocicletas']
806916.0,662275.0,144641.0,Outubro/2021,Outubro,2021,['Serviços']
94768.0,81000.0,13768.0,Outubro/2021,Outubro,2021,"['Transporte, armazenagem e correio']"
115681.0,82820.0,32861.0,Outubro/2021,Outubro,2021,['Alojamento e alimentação']
430233.0,358975.0,71258.0,Outubro/2021,Outubro,2021,"['Informação, comunicação e atividades financeiras, imobiliárias, profissionais e administrativas']"
44152.0,32844.0,11308.0,Outubro/2021,Outubro,2021,['Informação e Comunicação']
22460.0,17300.0,5160.0,Outubro/2021,Outubro,2021,"['Atividades Financeiras, de Seguros e Serviços Relacionados']"
6731.0,5674.0,1057.0,Outubro/2021,Outubro,2021,['Atividades Imobiliárias']
64896.0,54218.0,10678.0,Outubro/2021,Outubro,2021,"['Atividades Profissionais, Científicas e Técnicas']"
291994.0,248939.0,43055.0,Outubro/2021,Outubro,2021,['Atividades Administrativas e Serviços Complementares']
119350.0,105012.0,14338.0,Outubro/2021,Outubro,2021,"['Administração pública, defesa e seguridade social, educação, saúde humana e serviços sociais']"
5043.0,4117.0,926.0,Outubro/2021,Outubro,2021,"['Administração Pública, Defesa e Seguridade Social']"
39941.0,30719.0,9222.0,Outubro/2021,Outubro,2021,['Educação']
74366.0,70176.0,4190.0,Outubro/2021,Outubro,2021,['Saúde Humana e Serviços Sociais']
120.0,174.0,-54.0,Outubro/2021,Outubro,2021,['Serviços domésticos']
46764.0,34294.0,12470.0,Outubro/2021,Outubro,2021,['Outros serviços']
11202.0,7646.0,3556.0,Outubro/2021,Outubro,2021,"['Artes, Cultura, Esporte e Recreação']"
35533.0,26628.0,8905.0,Outubro/2021,Outubro,2021,['Outras Atividades de Serviços']
29.0,20.0,9.0,Outubro/2021,Outubro,2021,['Organismos Internacionais e Outras Instituições Extraterritoriais']
68635.0,73084.0,-4449.0,Março/2020,Março,2020,"['Agricultura, pecuária, produção florestal, pesca e aquicultura']"
225973.0,259714.0,-33741.0,Março/2020,Março,2020,['Indústria geral']
3685.0,3878.0,-193.0,Março/2020,Março,2020,['Indústrias Extrativas']
213587.0,247770.0,-34183.0,Março/2020,Março,2020,['Indústrias de Transformação']
1264.0,1095.0,169.0,Março/2020,Março,2020,['Eletricidade e Gás']
7437.0,6971.0,466.0,Março/2020,Março,2020,"['Água, Esgoto, Atividades de Gestão de Resíduos e Descontaminação']"
125344.0,138521.0,-13177.0,Março/2020,Março,2020,['Construção']
311296.0,384023.0,-72727.0,Março/2020,Março,2020,['Comércio; reparação de veículos automotores e motocicletas']
616417.0,724639.0,-108222.0,Março/2020,Março,2020,['Serviços']
73853.0,79303.0,-5450.0,Março/2020,Março,2020,"['Transporte, armazenagem e correio']"
71103.0,152477.0,-81374.0,Março/2020,Março,2020,['Alojamento e alimentação']
315175.0,351370.0,-36195.0,Março/2020,Março,2020,"['Informação, comunicação e atividades financeiras, imobiliárias, profissionais e administrativas']"
29298.0,29329.0,-31.0,Março/2020,Março,2020,['Informação e Comunicação']
15305.0,13468.0,1837.0,Março/2020,Março,2020,"['Atividades Financeiras, de Seguros e Serviços Relacionados']"
5085.0,5073.0,12.0,Março/2020,Março,2020,['Atividades Imobiliárias']
44777.0,46799.0,-2022.0,Março/2020,Março,2020,"['Atividades Profissionais, Científicas e Técnicas']"
220710.0,256701.0,-35991.0,Março/2020,Março,2020,['Atividades Administrativas e Serviços Complementares']
120781.0,97531.0,23250.0,Março/2020,Março,2020,"['Administração pública, defesa e seguridade social, educação, saúde humana e serviços sociais']"
6957.0,3485.0,3472.0,Março/2020,Março,2020,"['Administração Pública, Defesa e Seguridade Social']"
49058.0,38747.0,10311.0,Março/2020,Março,2020,['Educação']
64766.0,55299.0,9467.0,Março/2020,Março,2020,['Saúde Humana e Serviços Sociais']
54.0,45.0,9.0,Março/2020,Março,2020,['Serviços domésticos']
35451.0,43913.0,-8462.0,Março/2020,Março,2020,['Outros serviços']
6937.0,12249.0,-5312.0,Março/2020,Março,2020,"['Artes, Cultura, Esporte e Recreação']"
28488.0,31645.0,-3157.0,Março/2020,Março,2020,['Outras Atividades de Serviços']
26.0,19.0,7.0,Março/2020,Março,2020,['Organismos Internacionais e Outras Instituições Extraterritoriais']
93045.0,67525.0,25520.0,Julho/2021,Julho,2021,"['Agricultura, pecuária, produção florestal, pesca e aquicultura']"
278431.0,219601.0,58830.0,Julho/2021,Julho,2021,['Indústria geral']
6080.0,3946.0,2134.0,Julho/2021,Julho,2021,['Indústrias Extrativas']
262016.0,207623.0,54393.0,Julho/2021,Julho,2021,['Indústrias de Transformação']
1750.0,1331.0,419.0,Julho/2021,Julho,2021,['Eletricidade e Gás']
8585.0,6701.0,1884.0,Julho/2021,Julho,2021,"['Água, Esgoto, Atividades de Gestão de Resíduos e Descontaminação']"
169142.0,138503.0,30639.0,Julho/2021,Julho,2021,['Construção']
390197.0,315617.0,74580.0,Julho/2021,Julho,2021,['Comércio; reparação de veículos automotores e motocicletas']
735236.0,608079.0,127157.0,Julho/2021,Julho,2021,['Serviços']
88687.0,74390.0,14297.0,Julho/2021,Julho,2021,"['Transporte, armazenagem e correio']"
90393.0,62133.0,28260.0,Julho/2021,Julho,2021,['Alojamento e alimentação']
398407.0,328845.0,69562.0,Julho/2021,Julho,2021,"['Informação, comunicação e atividades financeiras, imobiliárias, profissionais e administrativas']"
42749.0,31396.0,11353.0,Julho/2021,Julho,2021,['Informação e Comunicação']
21828.0,16301.0,5527.0,Julho/2021,Julho,2021,"['Atividades Financeiras, de Seguros e Serviços Relacionados']"
6551.0,4879.0,1672.0,Julho/2021,Julho,2021,['Atividades Imobiliárias']
62309.0,48438.0,13871.0,Julho/2021,Julho,2021,"['Atividades Profissionais, Científicas e Técnicas']"
264970.0,227831.0,37139.0,Julho/2021,Julho,2021,['Atividades Administrativas e Serviços Complementares']
117064.0,110614.0,6450.0,Julho/2021,Julho,2021,"['Administração pública, defesa e seguridade social, educação, saúde humana e serviços sociais']"
4363.0,3670.0,693.0,Julho/2021,Julho,2021,"['Administração Pública, Defesa e Seguridade Social']"
33175.0,37551.0,-4376.0,Julho/2021,Julho,2021,['Educação']
79526.0,69393.0,10133.0,Julho/2021,Julho,2021,['Saúde Humana e Serviços Sociais']
119.0,73.0,46.0,Julho/2021,Julho,2021,['Serviços domésticos']
40566.0,32024.0,8542.0,Julho/2021,Julho,2021,['Outros serviços']
8644.0,6089.0,2555.0,Julho/2021,Julho,2021,"['Artes, Cultura, Esporte e Recreação']"
31898.0,25922.0,5976.0,Julho/2021,Julho,2021,['Outras Atividades de Serviços']
24.0,13.0,11.0,Julho/2021,Julho,2021,['Organismos Internacionais e Outras Instituições Extraterritoriais']
123008.0,88548.0,34460.0,Junho/2022,Junho,2022,"['Agricultura, pecuária, produção florestal, pesca e aquicultura']"
293330.0,251813.0,41517.0,Junho/2022,Junho,2022,['Indústria geral']
5673.0,4336.0,1337.0,Junho/2022,Junho,2022,['Indústrias Extrativas']
274845.0,236859.0,37986.0,Junho/2022,Junho,2022,['Indústrias de Transformação']
1685.0,1525.0,160.0,Junho/2022,Junho,2022,['Eletricidade e Gás']
11127.0,9093.0,2034.0,Junho/2022,Junho,2022,"['Água, Esgoto, Atividades de Gestão de Resíduos e Descontaminação']"
192229.0,161972.0,30257.0,Junho/2022,Junho,2022,['Construção']
436638.0,389462.0,47176.0,Junho/2022,Junho,2022,['Comércio; reparação de veículos automotores e motocicletas']
853671.0,729137.0,124534.0,Junho/2022,Junho,2022,['Serviços']
102200.0,85449.0,16751.0,Junho/2022,Junho,2022,"['Transporte, armazenagem e correio']"
113188.0,95430.0,17758.0,Junho/2022,Junho,2022,['Alojamento e alimentação']
444836.0,379009.0,65827.0,Junho/2022,Junho,2022,"['Informação, comunicação e atividades financeiras, imobiliárias, profissionais e administrativas']"
45476.0,36778.0,8698.0,Junho/2022,Junho,2022,['Informação e Comunicação']
21052.0,17391.0,3661.0,Junho/2022,Junho,2022,"['Atividades Financeiras, de Seguros e Serviços Relacionados']"
7107.0,6626.0,481.0,Junho/2022,Junho,2022,['Atividades Imobiliárias']
67870.0,56532.0,11338.0,Junho/2022,Junho,2022,"['Atividades Profissionais, Científicas e Técnicas']"
303331.0,261682.0,41649.0,Junho/2022,Junho,2022,['Atividades Administrativas e Serviços Complementares']
142521.0,127937.0,14584.0,Junho/2022,Junho,2022,"['Administração pública, defesa e seguridade social, educação, saúde humana e serviços sociais']"
8324.0,5295.0,3029.0,Junho/2022,Junho,2022,"['Administração Pública, Defesa e Seguridade Social']"
46535.0,47209.0,-674.0,Junho/2022,Junho,2022,['Educação']
87662.0,75433.0,12229.0,Junho/2022,Junho,2022,['Saúde Humana e Serviços Sociais']
136.0,119.0,17.0,Junho/2022,Junho,2022,['Serviços domésticos']
50790.0,41193.0,9597.0,Junho/2022,Junho,2022,['Outros serviços']
11288.0,9209.0,2079.0,Junho/2022,Junho,2022,"['Artes, Cultura, Esporte e Recreação']"
39461.0,31948.0,7513.0,Junho/2022,Junho,2022,['Outras Atividades de Serviços']
41.0,36.0,5.0,Junho/2022,Junho,2022,['Organismos Internacionais e Outras Instituições Extraterritoriais']
45905.0,69673.0,-23768.0,Dezembro/2020,Dezembro,2020,"['Agricultura, pecuária, produção florestal, pesca e aquicultura']"
174451.0,217353.0,-42902.0,Dezembro/2020,Dezembro,2020,['Indústria geral']
3405.0,3946.0,-541.0,Dezembro/2020,Dezembro,2020,['Indústrias Extrativas']
164071.0,204975.0,-40904.0,Dezembro/2020,Dezembro,2020,['Indústrias de Transformação']
1091.0,1421.0,-330.0,Dezembro/2020,Dezembro,2020,['Eletricidade e Gás']
5884.0,7011.0,-1127.0,Dezembro/2020,Dezembro,2020,"['Água, Esgoto, Atividades de Gestão de Resíduos e Descontaminação']"
94316.0,138674.0,-44358.0,Dezembro/2020,Dezembro,2020,['Construção']
360180.0,301028.0,59152.0,Dezembro/2020,Dezembro,2020,['Comércio; reparação de veículos automotores e motocicletas']
581395.0,611637.0,-30242.0,Dezembro/2020,Dezembro,2020,['Serviços']
67425.0,70391.0,-2966.0,Dezembro/2020,Dezembro,2020,"['Transporte, armazenagem e correio']"
81095.0,57847.0,23248.0,Dezembro/2020,Dezembro,2020,['Alojamento e alimentação']
326184.0,318724.0,7460.0,Dezembro/2020,Dezembro,2020,"['Informação, comunicação e atividades financeiras, imobiliárias, profissionais e administrativas']"
26857.0,24038.0,2819.0,Dezembro/2020,Dezembro,2020,['Informação e Comunicação']
13348.0,11073.0,2275.0,Dezembro/2020,Dezembro,2020,"['Atividades Financeiras, de Seguros e Serviços Relacionados']"
4604.0,3896.0,708.0,Dezembro/2020,Dezembro,2020,['Atividades Imobiliárias']
37908.0,41311.0,-3403.0,Dezembro/2020,Dezembro,2020,"['Atividades Profissionais, Científicas e Técnicas']"
243467.0,238406.0,5061.0,Dezembro/2020,Dezembro,2020,['Atividades Administrativas e Serviços Complementares']
80036.0,132087.0,-52051.0,Dezembro/2020,Dezembro,2020,"['Administração pública, defesa e seguridade social, educação, saúde humana e serviços sociais']"
1332.0,16775.0,-15443.0,Dezembro/2020,Dezembro,2020,"['Administração Pública, Defesa e Seguridade Social']"
12225.0,56237.0,-44012.0,Dezembro/2020,Dezembro,2020,['Educação']
66479.0,59075.0,7404.0,Dezembro/2020,Dezembro,2020,['Saúde Humana e Serviços Sociais']
65.0,37.0,28.0,Dezembro/2020,Dezembro,2020,['Serviços domésticos']
26590.0,32551.0,-5961.0,Dezembro/2020,Dezembro,2020,['Outros serviços']
5947.0,6798.0,-851.0,Dezembro/2020,Dezembro,2020,"['Artes, Cultura, Esporte e Recreação']"
20629.0,25741.0,-5112.0,Dezembro/2020,Dezembro,2020,['Outras Atividades de Serviços']
14.0,12.0,2.0,Dezembro/2020,Dezembro,2020,['Organismos Internacionais e Outras Instituições Extraterritoriais']
89350.0,85940.0,3410.0,Março/2021,Março,2021,"['Agricultura, pecuária, produção florestal, pesca e aquicultura']"
294054.0,253262.0,40792.0,Março/2021,Março,2021,['Indústria geral']
5477.0,4071.0,1406.0,Março/2021,Março,2021,['Indústrias Extrativas']
277754.0,239574.0,38180.0,Março/2021,Março,2021,['Indústrias de Transformação']
1626.0,1933.0,-307.0,Março/2021,Março,2021,['Eletricidade e Gás']
9197.0,7684.0,1513.0,Março/2021,Março,2021,"['Água, Esgoto, Atividades de Gestão de Resíduos e Descontaminação']"
162863.0,137456.0,25407.0,Março/2021,Março,2021,['Construção']
352666.0,338530.0,14136.0,Março/2021,Março,2021,['Comércio; reparação de veículos automotores e motocicletas']
727952.0,635367.0,92585.0,Março/2021,Março,2021,['Serviços']
87952.0,74665.0,13287.0,Março/2021,Março,2021,"['Transporte, armazenagem e correio']"
58066.0,89079.0,-31013.0,Março/2021,Março,2021,['Alojamento e alimentação']
382730.0,330361.0,52369.0,Março/2021,Março,2021,"['Informação, comunicação e atividades financeiras, imobiliárias, profissionais e administrativas']"
41017.0,29256.0,11761.0,Março/2021,Março,2021,['Informação e Comunicação']
19407.0,17060.0,2347.0,Março/2021,Março,2021,"['Atividades Financeiras, de Seguros e Serviços Relacionados']"
6198.0,4667.0,1531.0,Março/2021,Março,2021,['Atividades Imobiliárias']
61028.0,44826.0,16202.0,Março/2021,Março,2021,"['Atividades Profissionais, Científicas e Técnicas']"
255080.0,234552.0,20528.0,Março/2021,Março,2021,['Atividades Administrativas e Serviços Complementares']
162360.0,106705.0,55655.0,Março/2021,Março,2021,"['Administração pública, defesa e seguridade social, educação, saúde humana e serviços sociais']"
7303.0,4051.0,3252.0,Março/2021,Março,2021,"['Administração Pública, Defesa e Seguridade Social']"
47502.0,34698.0,12804.0,Março/2021,Março,2021,['Educação']
107555.0,67956.0,39599.0,Março/2021,Março,2021,['Saúde Humana e Serviços Sociais']
109.0,84.0,25.0,Março/2021,Março,2021,['Serviços domésticos']
36735.0,34473.0,2262.0,Março/2021,Março,2021,['Outros serviços']
5693.0,8046.0,-2353.0,Março/2021,Março,2021,"['Artes, Cultura, Esporte e Recreação']"
31024.0,26409.0,4615.0,Março/2021,Março,2021,['Outras Atividades de Serviços']
18.0,18.0,0.0,Março/2021,Março,2021,['Organismos Internacionais e Outras Instituições Extraterritoriais']
104570.0,87155.0,17415.0,Fevereiro/2022,Fevereiro,2022,"['Agricultura, pecuária, produção florestal, pesca e aquicultura']"
312833.0,269833.0,43000.0,Fevereiro/2022,Fevereiro,2022,['Indústria geral']
6167.0,4263.0,1904.0,Fevereiro/2022,Fevereiro,2022,['Indústrias Extrativas']
293977.0,255402.0,38575.0,Fevereiro/2022,Fevereiro,2022,['Indústrias de Transformação']
1663.0,1806.0,-143.0,Fevereiro/2022,Fevereiro,2022,['Eletricidade e Gás']
11026.0,8362.0,2664.0,Fevereiro/2022,Fevereiro,2022,"['Água, Esgoto, Atividades de Gestão de Resíduos e Descontaminação']"
192311.0,152858.0,39453.0,Fevereiro/2022,Fevereiro,2022,['Construção']
428466.0,415247.0,13219.0,Fevereiro/2022,Fevereiro,2022,['Comércio; reparação de veículos automotores e motocicletas']
974963.0,759542.0,215421.0,Fevereiro/2022,Fevereiro,2022,['Serviços']
105318.0,91258.0,14060.0,Fevereiro/2022,Fevereiro,2022,"['Transporte, armazenagem e correio']"
118279.0,97840.0,20439.0,Fevereiro/2022,Fevereiro,2022,['Alojamento e alimentação']
445897.0,387904.0,57993.0,Fevereiro/2022,Fevereiro,2022,"['Informação, comunicação e atividades financeiras, imobiliárias, profissionais e administrativas']"
44480.0,36572.0,7908.0,Fevereiro/2022,Fevereiro,2022,['Informação e Comunicação']
19167.0,15452.0,3715.0,Fevereiro/2022,Fevereiro,2022,"['Atividades Financeiras, de Seguros e Serviços Relacionados']"
7918.0,6542.0,1376.0,Fevereiro/2022,Fevereiro,2022,['Atividades Imobiliárias']
69730.0,56030.0,13700.0,Fevereiro/2022,Fevereiro,2022,"['Atividades Profissionais, Científicas e Técnicas']"
304602.0,273308.0,31294.0,Fevereiro/2022,Fevereiro,2022,['Atividades Administrativas e Serviços Complementares']
241724.0,140113.0,101611.0,Fevereiro/2022,Fevereiro,2022,"['Administração pública, defesa e seguridade social, educação, saúde humana e serviços sociais']"
20466.0,8753.0,11713.0,Fevereiro/2022,Fevereiro,2022,"['Administração Pública, Defesa e Seguridade Social']"
122165.0,55658.0,66507.0,Fevereiro/2022,Fevereiro,2022,['Educação']
99093.0,75702.0,23391.0,Fevereiro/2022,Fevereiro,2022,['Saúde Humana e Serviços Sociais']
109.0,109.0,0.0,Fevereiro/2022,Fevereiro,2022,['Serviços domésticos']
63636.0,42318.0,21318.0,Fevereiro/2022,Fevereiro,2022,['Outros serviços']
12227.0,9316.0,2911.0,Fevereiro/2022,Fevereiro,2022,"['Artes, Cultura, Esporte e Recreação']"
51364.0,32967.0,18397.0,Fevereiro/2022,Fevereiro,2022,['Outras Atividades de Serviços']
45.0,35.0,10.0,Fevereiro/2022,Fevereiro,2022,['Organismos Internacionais e Outras Instituições Extraterritoriais']
68302.0,60382.0,7920.0,Setembro/2020,Setembro,2020,"['Agricultura, pecuária, produção florestal, pesca e aquicultura']"
295576.0,184876.0,110700.0,Setembro/2020,Setembro,2020,['Indústria geral']
4611.0,3714.0,897.0,Setembro/2020,Setembro,2020,['Indústrias Extrativas']
282477.0,174289.0,108188.0,Setembro/2020,Setembro,2020,['Indústrias de Transformação']
1309.0,1161.0,148.0,Setembro/2020,Setembro,2020,['Eletricidade e Gás']
7179.0,5712.0,1467.0,Setembro/2020,Setembro,2020,"['Água, Esgoto, Atividades de Gestão de Resíduos e Descontaminação']"
155971.0,109564.0,46407.0,Setembro/2020,Setembro,2020,['Construção']
324027.0,254966.0,69061.0,Setembro/2020,Setembro,2020,['Comércio; reparação de veículos automotores e motocicletas']
562870.0,483394.0,79476.0,Setembro/2020,Setembro,2020,['Serviços']
74279.0,63971.0,10308.0,Setembro/2020,Setembro,2020,"['Transporte, armazenagem e correio']"
55397.0,51058.0,4339.0,Setembro/2020,Setembro,2020,['Alojamento e alimentação']
323196.0,257196.0,66000.0,Setembro/2020,Setembro,2020,"['Informação, comunicação e atividades financeiras, imobiliárias, profissionais e administrativas']"
32220.0,23101.0,9119.0,Setembro/2020,Setembro,2020,['Informação e Comunicação']
12944.0,11659.0,1285.0,Setembro/2020,Setembro,2020,"['Atividades Financeiras, de Seguros e Serviços Relacionados']"
5094.0,3835.0,1259.0,Setembro/2020,Setembro,2020,['Atividades Imobiliárias']
45533.0,33200.0,12333.0,Setembro/2020,Setembro,2020,"['Atividades Profissionais, Científicas e Técnicas']"
227405.0,185401.0,42004.0,Setembro/2020,Setembro,2020,['Atividades Administrativas e Serviços Complementares']
82083.0,85575.0,-3492.0,Setembro/2020,Setembro,2020,"['Administração pública, defesa e seguridade social, educação, saúde humana e serviços sociais']"
2262.0,2414.0,-152.0,Setembro/2020,Setembro,2020,"['Administração Pública, Defesa e Seguridade Social']"
19176.0,28226.0,-9050.0,Setembro/2020,Setembro,2020,['Educação']
60645.0,54935.0,5710.0,Setembro/2020,Setembro,2020,['Saúde Humana e Serviços Sociais']
55.0,37.0,18.0,Setembro/2020,Setembro,2020,['Serviços domésticos']
27860.0,25557.0,2303.0,Setembro/2020,Setembro,2020,['Outros serviços']
5392.0,4984.0,408.0,Setembro/2020,Setembro,2020,"['Artes, Cultura, Esporte e Recreação']"
22451.0,20545.0,1906.0,Setembro/2020,Setembro,2020,['Outras Atividades de Serviços']
17.0,28.0,-11.0,Setembro/2020,Setembro,2020,['Organismos Internacionais e Outras Instituições Extraterritoriais']
69794.0,54014.0,15780.0,Maio/2020,Maio,2020,"['Agricultura, pecuária, produção florestal, pesca e aquicultura']"
102957.0,203622.0,-100665.0,Maio/2020,Maio,2020,['Indústria geral']
2598.0,3142.0,-544.0,Maio/2020,Maio,2020,['Indústrias Extrativas']
95469.0,193373.0,-97904.0,Maio/2020,Maio,2020,['Indústrias de Transformação']
724.0,713.0,11.0,Maio/2020,Maio,2020,['Eletricidade e Gás']
4166.0,6394.0,-2228.0,Maio/2020,Maio,2020,"['Água, Esgoto, Atividades de Gestão de Resíduos e Descontaminação']"
86416.0,107062.0,-20646.0,Maio/2020,Maio,2020,['Construção']
144197.0,238471.0,-94274.0,Maio/2020,Maio,2020,['Comércio; reparação de veículos automotores e motocicletas']
312966.0,465950.0,-152984.0,Maio/2020,Maio,2020,['Serviços']
36190.0,64003.0,-27813.0,Maio/2020,Maio,2020,"['Transporte, armazenagem e correio']"
14057.0,72064.0,-58007.0,Maio/2020,Maio,2020,['Alojamento e alimentação']
183809.0,225107.0,-41298.0,Maio/2020,Maio,2020,"['Informação, comunicação e atividades financeiras, imobiliárias, profissionais e administrativas']"
13871.0,18808.0,-4937.0,Maio/2020,Maio,2020,['Informação e Comunicação']
5833.0,9176.0,-3343.0,Maio/2020,Maio,2020,"['Atividades Financeiras, de Seguros e Serviços Relacionados']"
2353.0,3967.0,-1614.0,Maio/2020,Maio,2020,['Atividades Imobiliárias']
21485.0,32290.0,-10805.0,Maio/2020,Maio,2020,"['Atividades Profissionais, Científicas e Técnicas']"
140267.0,160866.0,-20599.0,Maio/2020,Maio,2020,['Atividades Administrativas e Serviços Complementares']
65566.0,76746.0,-11180.0,Maio/2020,Maio,2020,"['Administração pública, defesa e seguridade social, educação, saúde humana e serviços sociais']"
3235.0,2751.0,484.0,Maio/2020,Maio,2020,"['Administração Pública, Defesa e Seguridade Social']"
7311.0,26319.0,-19008.0,Maio/2020,Maio,2020,['Educação']
55020.0,47676.0,7344.0,Maio/2020,Maio,2020,['Saúde Humana e Serviços Sociais']
29.0,42.0,-13.0,Maio/2020,Maio,2020,['Serviços domésticos']
13315.0,27988.0,-14673.0,Maio/2020,Maio,2020,['Outros serviços']
827.0,6515.0,-5688.0,Maio/2020,Maio,2020,"['Artes, Cultura, Esporte e Recreação']"
12476.0,21461.0,-8985.0,Maio/2020,Maio,2020,['Outras Atividades de Serviços']
12.0,12.0,0.0,Maio/2020,Maio,2020,['Organismos Internacionais e Outras Instituições Extraterritoriais']
84941.0,75831.0,9110.0,Agosto/2021,Agosto,2021,"['Agricultura, pecuária, produção florestal, pesca e aquicultura']"
310814.0,238052.0,72762.0,Agosto/2021,Agosto,2021,['Indústria geral']
5921.0,4240.0,1681.0,Agosto/2021,Agosto,2021,['Indústrias Extrativas']
294060.0,224756.0,69304.0,Agosto/2021,Agosto,2021,['Indústrias de Transformação']
1990.0,1633.0,357.0,Agosto/2021,Agosto,2021,['Eletricidade e Gás']
8843.0,7423.0,1420.0,Agosto/2021,Agosto,2021,"['Água, Esgoto, Atividades de Gestão de Resíduos e Descontaminação']"
176521.0,143131.0,33390.0,Agosto/2021,Agosto,2021,['Construção']
417484.0,339795.0,77689.0,Agosto/2021,Agosto,2021,['Comércio; reparação de veículos automotores e motocicletas']
829651.0,649257.0,180394.0,Agosto/2021,Agosto,2021,['Serviços']
94101.0,75422.0,18679.0,Agosto/2021,Agosto,2021,"['Transporte, armazenagem e correio']"
109908.0,76179.0,33729.0,Agosto/2021,Agosto,2021,['Alojamento e alimentação']
425007.0,345275.0,79732.0,Agosto/2021,Agosto,2021,"['Informação, comunicação e atividades financeiras, imobiliárias, profissionais e administrativas']"
43843.0,32278.0,11565.0,Agosto/2021,Agosto,2021,['Informação e Comunicação']
22451.0,16465.0,5986.0,Agosto/2021,Agosto,2021,"['Atividades Financeiras, de Seguros e Serviços Relacionados']"
7029.0,5288.0,1741.0,Agosto/2021,Agosto,2021,['Atividades Imobiliárias']
64957.0,49661.0,15296.0,Agosto/2021,Agosto,2021,"['Atividades Profissionais, Científicas e Técnicas']"
286727.0,241583.0,45144.0,Agosto/2021,Agosto,2021,['Atividades Administrativas e Serviços Complementares']
152067.0,117183.0,34884.0,Agosto/2021,Agosto,2021,"['Administração pública, defesa e seguridade social, educação, saúde humana e serviços sociais']"
5955.0,4809.0,1146.0,Agosto/2021,Agosto,2021,"['Administração Pública, Defesa e Seguridade Social']"
65446.0,40255.0,25191.0,Agosto/2021,Agosto,2021,['Educação']
80666.0,72119.0,8547.0,Agosto/2021,Agosto,2021,['Saúde Humana e Serviços Sociais']
136.0,75.0,61.0,Agosto/2021,Agosto,2021,['Serviços domésticos']
48432.0,35123.0,13309.0,Agosto/2021,Agosto,2021,['Outros serviços']
11393.0,6918.0,4475.0,Agosto/2021,Agosto,2021,"['Artes, Cultura, Esporte e Recreação']"
37013.0,28181.0,8832.0,Agosto/2021,Agosto,2021,['Outras Atividades de Serviços']
26.0,24.0,2.0,Agosto/2021,Agosto,2021,['Organismos Internacionais e Outras Instituições Extraterritoriais']
121088.0,94341.0,26747.0,Maio/2022,Maio,2022,"['Agricultura, pecuária, produção florestal, pesca e aquicultura']"
308939.0,261964.0,46975.0,Maio/2022,Maio,2022,['Indústria geral']
6098.0,4577.0,1521.0,Maio/2022,Maio,2022,['Indústrias Extrativas']
289639.0,247558.0,42081.0,Maio/2022,Maio,2022,['Indústrias de Transformação']
1506.0,1633.0,-127.0,Maio/2022,Maio,2022,['Eletricidade e Gás']
11696.0,8196.0,3500.0,Maio/2022,Maio,2022,"['Água, Esgoto, Atividades de Gestão de Resíduos e Descontaminação']"
201708.0,166263.0,35445.0,Maio/2022,Maio,2022,['Construção']
448810.0,401253.0,47557.0,Maio/2022,Maio,2022,['Comércio; reparação de veículos automotores e motocicletas']
880415.0,760121.0,120294.0,Maio/2022,Maio,2022,['Serviços']
105734.0,90955.0,14779.0,Maio/2022,Maio,2022,"['Transporte, armazenagem e correio']"
121221.0,99895.0,21326.0,Maio/2022,Maio,2022,['Alojamento e alimentação']
446409.0,397036.0,49373.0,Maio/2022,Maio,2022,"['Informação, comunicação e atividades financeiras, imobiliárias, profissionais e administrativas']"
45251.0,36760.0,8491.0,Maio/2022,Maio,2022,['Informação e Comunicação']
21079.0,18145.0,2934.0,Maio/2022,Maio,2022,"['Atividades Financeiras, de Seguros e Serviços Relacionados']"
7715.0,6990.0,725.0,Maio/2022,Maio,2022,['Atividades Imobiliárias']
71266.0,59246.0,12020.0,Maio/2022,Maio,2022,"['Atividades Profissionais, Científicas e Técnicas']"
301098.0,275895.0,25203.0,Maio/2022,Maio,2022,['Atividades Administrativas e Serviços Complementares']
153227.0,128442.0,24785.0,Maio/2022,Maio,2022,"['Administração pública, defesa e seguridade social, educação, saúde humana e serviços sociais']"
7697.0,5936.0,1761.0,Maio/2022,Maio,2022,"['Administração Pública, Defesa e Seguridade Social']"
55669.0,43461.0,12208.0,Maio/2022,Maio,2022,['Educação']
89861.0,79045.0,10816.0,Maio/2022,Maio,2022,['Saúde Humana e Serviços Sociais']
134.0,111.0,23.0,Maio/2022,Maio,2022,['Serviços domésticos']
53690.0,43682.0,10008.0,Maio/2022,Maio,2022,['Outros serviços']
11762.0,9306.0,2456.0,Maio/2022,Maio,2022,"['Artes, Cultura, Esporte e Recreação']"
41891.0,34350.0,7541.0,Maio/2022,Maio,2022,['Outras Atividades de Serviços']
37.0,26.0,11.0,Maio/2022,Maio,2022,['Organismos Internacionais e Outras Instituições Extraterritoriais']
65023.0,65320.0,-297.0,Outubro/2020,Outubro,2020,"['Agricultura, pecuária, produção florestal, pesca e aquicultura']"
286999.0,201216.0,85783.0,Outubro/2020,Outubro,2020,['Indústria geral']
4682.0,3462.0,1220.0,Outubro/2020,Outubro,2020,['Indústrias Extrativas']
272580.0,190568.0,82012.0,Outubro/2020,Outubro,2020,['Indústrias de Transformação']
1382.0,1029.0,353.0,Outubro/2020,Outubro,2020,['Eletricidade e Gás']
8355.0,6157.0,2198.0,Outubro/2020,Outubro,2020,"['Água, Esgoto, Atividades de Gestão de Resíduos e Descontaminação']"
156900.0,120024.0,36876.0,Outubro/2020,Outubro,2020,['Construção']
397125.0,282943.0,114182.0,Outubro/2020,Outubro,2020,['Comércio; reparação de veículos automotores e motocicletas']
665355.0,512961.0,152394.0,Outubro/2020,Outubro,2020,['Serviços']
84679.0,67718.0,16961.0,Outubro/2020,Outubro,2020,"['Transporte, armazenagem e correio']"
81084.0,55159.0,25925.0,Outubro/2020,Outubro,2020,['Alojamento e alimentação']
380327.0,277936.0,102391.0,Outubro/2020,Outubro,2020,"['Informação, comunicação e atividades financeiras, imobiliárias, profissionais e administrativas']"
38738.0,24356.0,14382.0,Outubro/2020,Outubro,2020,['Informação e Comunicação']
14251.0,16974.0,-2723.0,Outubro/2020,Outubro,2020,"['Atividades Financeiras, de Seguros e Serviços Relacionados']"
5699.0,4068.0,1631.0,Outubro/2020,Outubro,2020,['Atividades Imobiliárias']
55301.0,35761.0,19540.0,Outubro/2020,Outubro,2020,"['Atividades Profissionais, Científicas e Técnicas']"
266338.0,196777.0,69561.0,Outubro/2020,Outubro,2020,['Atividades Administrativas e Serviços Complementares']
86422.0,81998.0,4424.0,Outubro/2020,Outubro,2020,"['Administração pública, defesa e seguridade social, educação, saúde humana e serviços sociais']"
1881.0,2435.0,-554.0,Outubro/2020,Outubro,2020,"['Administração Pública, Defesa e Seguridade Social']"
20851.0,21475.0,-624.0,Outubro/2020,Outubro,2020,['Educação']
63690.0,58088.0,5602.0,Outubro/2020,Outubro,2020,['Saúde Humana e Serviços Sociais']
88.0,69.0,19.0,Outubro/2020,Outubro,2020,['Serviços domésticos']
32755.0,30081.0,2674.0,Outubro/2020,Outubro,2020,['Outros serviços']
7955.0,5121.0,2834.0,Outubro/2020,Outubro,2020,"['Artes, Cultura, Esporte e Recreação']"
24779.0,24942.0,-163.0,Outubro/2020,Outubro,2020,['Outras Atividades de Serviços']
21.0,18.0,3.0,Outubro/2020,Outubro,2020,['Organismos Internacionais e Outras Instituições Extraterritoriais']
88199.0,55316.0,32883.0,Janeiro/2021,Janeiro,2021,"['Agricultura, pecuária, produção florestal, pesca e aquicultura']"
296040.0,205804.0,90236.0,Janeiro/2021,Janeiro,2021,['Indústria geral']
4711.0,3227.0,1484.0,Janeiro/2021,Janeiro,2021,['Indústrias Extrativas']
281902.0,194924.0,86978.0,Janeiro/2021,Janeiro,2021,['Indústrias de Transformação']
1672.0,1160.0,512.0,Janeiro/2021,Janeiro,2021,['Eletricidade e Gás']
7755.0,6493.0,1262.0,Janeiro/2021,Janeiro,2021,"['Água, Esgoto, Atividades de Gestão de Resíduos e Descontaminação']"
159138.0,114198.0,44940.0,Janeiro/2021,Janeiro,2021,['Construção']
343287.0,336315.0,6972.0,Janeiro/2021,Janeiro,2021,['Comércio; reparação de veículos automotores e motocicletas']
663411.0,581383.0,82028.0,Janeiro/2021,Janeiro,2021,['Serviços']
70636.0,70054.0,582.0,Janeiro/2021,Janeiro,2021,"['Transporte, armazenagem e correio']"
79572.0,74854.0,4718.0,Janeiro/2021,Janeiro,2021,['Alojamento e alimentação']
364304.0,308966.0,55338.0,Janeiro/2021,Janeiro,2021,"['Informação, comunicação e atividades financeiras, imobiliárias, profissionais e administrativas']"
34255.0,27650.0,6605.0,Janeiro/2021,Janeiro,2021,['Informação e Comunicação']
17172.0,12622.0,4550.0,Janeiro/2021,Janeiro,2021,"['Atividades Financeiras, de Seguros e Serviços Relacionados']"
6204.0,4203.0,2001.0,Janeiro/2021,Janeiro,2021,['Atividades Imobiliárias']
56218.0,38103.0,18115.0,Janeiro/2021,Janeiro,2021,"['Atividades Profissionais, Científicas e Técnicas']"
250455.0,226388.0,24067.0,Janeiro/2021,Janeiro,2021,['Atividades Administrativas e Serviços Complementares']
115481.0,96883.0,18598.0,Janeiro/2021,Janeiro,2021,"['Administração pública, defesa e seguridade social, educação, saúde humana e serviços sociais']"
6800.0,4582.0,2218.0,Janeiro/2021,Janeiro,2021,"['Administração Pública, Defesa e Seguridade Social']"
32709.0,37794.0,-5085.0,Janeiro/2021,Janeiro,2021,['Educação']
75972.0,54507.0,21465.0,Janeiro/2021,Janeiro,2021,['Saúde Humana e Serviços Sociais']
78.0,72.0,6.0,Janeiro/2021,Janeiro,2021,['Serviços domésticos']
33340.0,30554.0,2786.0,Janeiro/2021,Janeiro,2021,['Outros serviços']
7233.0,7356.0,-123.0,Janeiro/2021,Janeiro,2021,"['Artes, Cultura, Esporte e Recreação']"
26087.0,23177.0,2910.0,Janeiro/2021,Janeiro,2021,['Outras Atividades de Serviços']
20.0,21.0,-1.0,Janeiro/2021,Janeiro,2021,['Organismos Internacionais e Outras Instituições Extraterritoriais']
95820.0,96841.0,-1021.0,Abril/2022,Abril,2022,"['Agricultura, pecuária, produção florestal, pesca e aquicultura']"
285885.0,259507.0,26378.0,Abril/2022,Abril,2022,['Indústria geral']
5767.0,4276.0,1491.0,Abril/2022,Abril,2022,['Indústrias Extrativas']
268011.0,245491.0,22520.0,Abril/2022,Abril,2022,['Indústrias de Transformação']
1595.0,1752.0,-157.0,Abril/2022,Abril,2022,['Eletricidade e Gás']
10512.0,7988.0,2524.0,Abril/2022,Abril,2022,"['Água, Esgoto, Atividades de Gestão de Resíduos e Descontaminação']"
179899.0,154558.0,25341.0,Abril/2022,Abril,2022,['Construção']
423529.0,394268.0,29261.0,Abril/2022,Abril,2022,['Comércio; reparação de veículos automotores e motocicletas']
869424.0,752417.0,117007.0,Abril/2022,Abril,2022,['Serviços']
103783.0,87499.0,16284.0,Abril/2022,Abril,2022,"['Transporte, armazenagem e correio']"
117583.0,98167.0,19416.0,Abril/2022,Abril,2022,['Alojamento e alimentação']
434255.0,394645.0,39610.0,Abril/2022,Abril,2022,"['Informação, comunicação e atividades financeiras, imobiliárias, profissionais e administrativas']"
44486.0,36020.0,8466.0,Abril/2022,Abril,2022,['Informação e Comunicação']
21462.0,17546.0,3916.0,Abril/2022,Abril,2022,"['Atividades Financeiras, de Seguros e Serviços Relacionados']"
7526.0,6474.0,1052.0,Abril/2022,Abril,2022,['Atividades Imobiliárias']
69844.0,59087.0,10757.0,Abril/2022,Abril,2022,"['Atividades Profissionais, Científicas e Técnicas']"
290937.0,275518.0,15419.0,Abril/2022,Abril,2022,['Atividades Administrativas e Serviços Complementares']
158679.0,128264.0,30415.0,Abril/2022,Abril,2022,"['Administração pública, defesa e seguridade social, educação, saúde humana e serviços sociais']"
8561.0,5629.0,2932.0,Abril/2022,Abril,2022,"['Administração Pública, Defesa e Seguridade Social']"
61151.0,43969.0,17182.0,Abril/2022,Abril,2022,['Educação']
88967.0,78666.0,10301.0,Abril/2022,Abril,2022,['Saúde Humana e Serviços Sociais']
123.0,105.0,18.0,Abril/2022,Abril,2022,['Serviços domésticos']
55001.0,43737.0,11264.0,Abril/2022,Abril,2022,['Outros serviços']
13116.0,9869.0,3247.0,Abril/2022,Abril,2022,"['Artes, Cultura, Esporte e Recreação']"
41848.0,33839.0,8009.0,Abril/2022,Abril,2022,['Outras Atividades de Serviços']
37.0,29.0,8.0,Abril/2022,Abril,2022,['Organismos Internacionais e Outras Instituições Extraterritoriais']
98510.0,114505.0,-15995.0,Março/2022,Março,2022,"['Agricultura, pecuária, produção florestal, pesca e aquicultura']"
309012.0,293752.0,15260.0,Março/2022,Março,2022,['Indústria geral']
5492.0,4601.0,891.0,Março/2022,Março,2022,['Indústrias Extrativas']
290189.0,278101.0,12088.0,Março/2022,Março,2022,['Indústrias de Transformação']
1612.0,1412.0,200.0,Março/2022,Março,2022,['Eletricidade e Gás']
11719.0,9638.0,2081.0,Março/2022,Março,2022,"['Água, Esgoto, Atividades de Gestão de Resíduos e Descontaminação']"
191104.0,166045.0,25059.0,Março/2022,Março,2022,['Construção']
435469.0,435117.0,352.0,Março/2022,Março,2022,['Comércio; reparação de veículos automotores e motocicletas']
918976.0,807463.0,111513.0,Março/2022,Março,2022,['Serviços']
106403.0,90160.0,16243.0,Março/2022,Março,2022,"['Transporte, armazenagem e correio']"
114721.0,107670.0,7051.0,Março/2022,Março,2022,['Alojamento e alimentação']
457680.0,418105.0,39575.0,Março/2022,Março,2022,"['Informação, comunicação e atividades financeiras, imobiliárias, profissionais e administrativas']"
47357.0,37543.0,9814.0,Março/2022,Março,2022,['Informação e Comunicação']
20571.0,17381.0,3190.0,Março/2022,Março,2022,"['Atividades Financeiras, de Seguros e Serviços Relacionados']"
8117.0,6818.0,1299.0,Março/2022,Março,2022,['Atividades Imobiliárias']
75264.0,62058.0,13206.0,Março/2022,Março,2022,"['Atividades Profissionais, Científicas e Técnicas']"
306371.0,294305.0,12066.0,Março/2022,Março,2022,['Atividades Administrativas e Serviços Complementares']
180703.0,142844.0,37859.0,Março/2022,Março,2022,"['Administração pública, defesa e seguridade social, educação, saúde humana e serviços sociais']"
11487.0,5892.0,5595.0,Março/2022,Março,2022,"['Administração Pública, Defesa e Seguridade Social']"
79428.0,51176.0,28252.0,Março/2022,Março,2022,['Educação']
89788.0,85776.0,4012.0,Março/2022,Março,2022,['Saúde Humana e Serviços Sociais']
111.0,137.0,-26.0,Março/2022,Março,2022,['Serviços domésticos']
59358.0,48547.0,10811.0,Março/2022,Março,2022,['Outros serviços']
12337.0,11177.0,1160.0,Março/2022,Março,2022,"['Artes, Cultura, Esporte e Recreação']"
46960.0,37341.0,9619.0,Março/2022,Março,2022,['Outras Atividades de Serviços']
61.0,29.0,32.0,Março/2022,Março,2022,['Organismos Internacionais e Outras Instituições Extraterritoriais']
105783.0,63503.0,42280.0,Maio/2021,Maio,2021,"['Agricultura, pecuária, produção florestal, pesca e aquicultura']"
258154.0,214391.0,43763.0,Maio/2021,Maio,2021,['Indústria geral']
6209.0,3659.0,2550.0,Maio/2021,Maio,2021,['Indústrias Extrativas']
240874.0,202097.0,38777.0,Maio/2021,Maio,2021,['Indústrias de Transformação']
1674.0,1455.0,219.0,Maio/2021,Maio,2021,['Eletricidade e Gás']
9397.0,7180.0,2217.0,Maio/2021,Maio,2021,"['Água, Esgoto, Atividades de Gestão de Resíduos e Descontaminação']"
158857.0,135185.0,23672.0,Maio/2021,Maio,2021,['Construção']
353869.0,294340.0,59529.0,Maio/2021,Maio,2021,['Comércio; reparação de veículos automotores e motocicletas']
681653.0,572191.0,109462.0,Maio/2021,Maio,2021,['Serviços']
79296.0,72041.0,7255.0,Maio/2021,Maio,2021,"['Transporte, armazenagem e correio']"
65911.0,59869.0,6042.0,Maio/2021,Maio,2021,['Alojamento e alimentação']
375756.0,316736.0,59020.0,Maio/2021,Maio,2021,"['Informação, comunicação e atividades financeiras, imobiliárias, profissionais e administrativas']"
39763.0,29009.0,10754.0,Maio/2021,Maio,2021,['Informação e Comunicação']
20045.0,14676.0,5369.0,Maio/2021,Maio,2021,"['Atividades Financeiras, de Seguros e Serviços Relacionados']"
6156.0,4815.0,1341.0,Maio/2021,Maio,2021,['Atividades Imobiliárias']
60127.0,45415.0,14712.0,Maio/2021,Maio,2021,"['Atividades Profissionais, Científicas e Técnicas']"
249665.0,222821.0,26844.0,Maio/2021,Maio,2021,['Atividades Administrativas e Serviços Complementares']
120118.0,92772.0,27346.0,Maio/2021,Maio,2021,"['Administração pública, defesa e seguridade social, educação, saúde humana e serviços sociais']"
5050.0,3977.0,1073.0,Maio/2021,Maio,2021,"['Administração Pública, Defesa e Seguridade Social']"
37262.0,27413.0,9849.0,Maio/2021,Maio,2021,['Educação']
77806.0,61382.0,16424.0,Maio/2021,Maio,2021,['Saúde Humana e Serviços Sociais']
99.0,74.0,25.0,Maio/2021,Maio,2021,['Serviços domésticos']
40473.0,30699.0,9774.0,Maio/2021,Maio,2021,['Outros serviços']
7547.0,6901.0,646.0,Maio/2021,Maio,2021,"['Artes, Cultura, Esporte e Recreação']"
32899.0,23782.0,9117.0,Maio/2021,Maio,2021,['Outras Atividades de Serviços']
27.0,16.0,11.0,Maio/2021,Maio,2021,['Organismos Internacionais e Outras Instituições Extraterritoriais']
73886.0,50921.0,22965.0,Julho/2020,Julho,2020,"['Agricultura, pecuária, produção florestal, pesca e aquicultura']"
207798.0,155167.0,52631.0,Julho/2020,Julho,2020,['Indústria geral']
4062.0,3171.0,891.0,Julho/2020,Julho,2020,['Indústrias Extrativas']
197406.0,145305.0,52101.0,Julho/2020,Julho,2020,['Indústrias de Transformação']
1020.0,984.0,36.0,Julho/2020,Julho,2020,['Eletricidade e Gás']
5310.0,5707.0,-397.0,Julho/2020,Julho,2020,"['Água, Esgoto, Atividades de Gestão de Resíduos e Descontaminação']"
140688.0,98735.0,41953.0,Julho/2020,Julho,2020,['Construção']
245220.0,219079.0,26141.0,Julho/2020,Julho,2020,['Comércio; reparação de veículos automotores e motocicletas']
394306.0,414699.0,-20393.0,Julho/2020,Julho,2020,['Serviços']
60111.0,63570.0,-3459.0,Julho/2020,Julho,2020,"['Transporte, armazenagem e correio']"
26227.0,53078.0,-26851.0,Julho/2020,Julho,2020,['Alojamento e alimentação']
210999.0,189906.0,21093.0,Julho/2020,Julho,2020,"['Informação, comunicação e atividades financeiras, imobiliárias, profissionais e administrativas']"
23734.0,19367.0,4367.0,Julho/2020,Julho,2020,['Informação e Comunicação']
9966.0,9856.0,110.0,Julho/2020,Julho,2020,"['Atividades Financeiras, de Seguros e Serviços Relacionados']"
4181.0,3532.0,649.0,Julho/2020,Julho,2020,['Atividades Imobiliárias']
35063.0,29401.0,5662.0,Julho/2020,Julho,2020,"['Atividades Profissionais, Científicas e Técnicas']"
138055.0,127750.0,10305.0,Julho/2020,Julho,2020,['Atividades Administrativas e Serviços Complementares']
77647.0,84483.0,-6836.0,Julho/2020,Julho,2020,"['Administração pública, defesa e seguridade social, educação, saúde humana e serviços sociais']"
2534.0,3009.0,-475.0,Julho/2020,Julho,2020,"['Administração Pública, Defesa e Seguridade Social']"
11873.0,31754.0,-19881.0,Julho/2020,Julho,2020,['Educação']
63240.0,49720.0,13520.0,Julho/2020,Julho,2020,['Saúde Humana e Serviços Sociais']
55.0,41.0,14.0,Julho/2020,Julho,2020,['Serviços domésticos']
19267.0,23621.0,-4354.0,Julho/2020,Julho,2020,['Outros serviços']
2114.0,4966.0,-2852.0,Julho/2020,Julho,2020,"['Artes, Cultura, Esporte e Recreação']"
17135.0,18642.0,-1507.0,Julho/2020,Julho,2020,['Outras Atividades de Serviços']
18.0,13.0,5.0,Julho/2020,Julho,2020,['Organismos Internacionais e Outras Instituições Extraterritoriais']
66190.0,55506.0,10684.0,Agosto/2020,Agosto,2020,"['Agricultura, pecuária, produção florestal, pesca e aquicultura']"
256386.0,163553.0,92833.0,Agosto/2020,Agosto,2020,['Indústria geral']
4400.0,3526.0,874.0,Agosto/2020,Agosto,2020,['Indústrias Extrativas']
244024.0,153837.0,90187.0,Agosto/2020,Agosto,2020,['Indústrias de Transformação']
1129.0,1009.0,120.0,Agosto/2020,Agosto,2020,['Eletricidade e Gás']
6833.0,5181.0,1652.0,Agosto/2020,Agosto,2020,"['Água, Esgoto, Atividades de Gestão de Resíduos e Descontaminação']"
151653.0,100805.0,50848.0,Agosto/2020,Agosto,2020,['Construção']
279049.0,231379.0,47670.0,Agosto/2020,Agosto,2020,['Comércio; reparação de veículos automotores e motocicletas']
504084.0,467994.0,36090.0,Agosto/2020,Agosto,2020,['Serviços']
65228.0,65659.0,-431.0,Agosto/2020,Agosto,2020,"['Transporte, armazenagem e correio']"
38785.0,54722.0,-15937.0,Agosto/2020,Agosto,2020,['Alojamento e alimentação']
289336.0,234410.0,54926.0,Agosto/2020,Agosto,2020,"['Informação, comunicação e atividades financeiras, imobiliárias, profissionais e administrativas']"
27243.0,21342.0,5901.0,Agosto/2020,Agosto,2020,['Informação e Comunicação']
11807.0,10548.0,1259.0,Agosto/2020,Agosto,2020,"['Atividades Financeiras, de Seguros e Serviços Relacionados']"
4479.0,3477.0,1002.0,Agosto/2020,Agosto,2020,['Atividades Imobiliárias']
43322.0,30556.0,12766.0,Agosto/2020,Agosto,2020,"['Atividades Profissionais, Científicas e Técnicas']"
202485.0,168487.0,33998.0,Agosto/2020,Agosto,2020,['Atividades Administrativas e Serviços Complementares']
87558.0,88123.0,-565.0,Agosto/2020,Agosto,2020,"['Administração pública, defesa e seguridade social, educação, saúde humana e serviços sociais']"
3255.0,3310.0,-55.0,Agosto/2020,Agosto,2020,"['Administração Pública, Defesa e Seguridade Social']"
20628.0,29114.0,-8486.0,Agosto/2020,Agosto,2020,['Educação']
63675.0,55699.0,7976.0,Agosto/2020,Agosto,2020,['Saúde Humana e Serviços Sociais']
44.0,37.0,7.0,Agosto/2020,Agosto,2020,['Serviços domésticos']
23133.0,25043.0,-1910.0,Agosto/2020,Agosto,2020,['Outros serviços']
3393.0,5197.0,-1804.0,Agosto/2020,Agosto,2020,"['Artes, Cultura, Esporte e Recreação']"
19729.0,19839.0,-110.0,Agosto/2020,Agosto,2020,['Outras Atividades de Serviços']
11.0,7.0,4.0,Agosto/2020,Agosto,2020,['Organismos Internacionais e Outras Instituições Extraterritoriais']
104436.0,66055.0,38381.0,Junho/2021,Junho,2021,"['Agricultura, pecuária, produção florestal, pesca e aquicultura']"
262080.0,211958.0,50122.0,Junho/2021,Junho,2021,['Indústria geral']
5903.0,3664.0,2239.0,Junho/2021,Junho,2021,['Indústrias Extrativas']
244921.0,199948.0,44973.0,Junho/2021,Junho,2021,['Indústrias de Transformação']
2094.0,1312.0,782.0,Junho/2021,Junho,2021,['Eletricidade e Gás']
9162.0,7034.0,2128.0,Junho/2021,Junho,2021,"['Água, Esgoto, Atividades de Gestão de Resíduos e Descontaminação']"
162207.0,138879.0,23328.0,Junho/2021,Junho,2021,['Construção']
378302.0,305827.0,72475.0,Junho/2021,Junho,2021,['Comércio; reparação de veículos automotores e motocicletas']
702723.0,576993.0,125730.0,Junho/2021,Junho,2021,['Serviços']
82724.0,70008.0,12716.0,Junho/2021,Junho,2021,"['Transporte, armazenagem e correio']"
76580.0,58299.0,18281.0,Junho/2021,Junho,2021,['Alojamento e alimentação']
384289.0,316628.0,67661.0,Junho/2021,Junho,2021,"['Informação, comunicação e atividades financeiras, imobiliárias, profissionais e administrativas']"
42468.0,30123.0,12345.0,Junho/2021,Junho,2021,['Informação e Comunicação']
21236.0,15485.0,5751.0,Junho/2021,Junho,2021,"['Atividades Financeiras, de Seguros e Serviços Relacionados']"
6521.0,4765.0,1756.0,Junho/2021,Junho,2021,['Atividades Imobiliárias']
59421.0,44525.0,14896.0,Junho/2021,Junho,2021,"['Atividades Profissionais, Científicas e Técnicas']"
254643.0,221730.0,32913.0,Junho/2021,Junho,2021,['Atividades Administrativas e Serviços Complementares']
120821.0,100620.0,20201.0,Junho/2021,Junho,2021,"['Administração pública, defesa e seguridade social, educação, saúde humana e serviços sociais']"
4431.0,3750.0,681.0,Junho/2021,Junho,2021,"['Administração Pública, Defesa e Seguridade Social']"
34483.0,32494.0,1989.0,Junho/2021,Junho,2021,['Educação']
81907.0,64376.0,17531.0,Junho/2021,Junho,2021,['Saúde Humana e Serviços Sociais']
98.0,67.0,31.0,Junho/2021,Junho,2021,['Serviços domésticos']
38211.0,31371.0,6840.0,Junho/2021,Junho,2021,['Outros serviços']
7788.0,6373.0,1415.0,Junho/2021,Junho,2021,"['Artes, Cultura, Esporte e Recreação']"
30399.0,24975.0,5424.0,Junho/2021,Junho,2021,['Outras Atividades de Serviços']
24.0,23.0,1.0,Junho/2021,Junho,2021,['Organismos Internacionais e Outras Instituições Extraterritoriais']
106242.0,81228.0,25014.0,Janeiro/2022,Janeiro,2022,"['Agricultura, pecuária, produção florestal, pesca e aquicultura']"
284673.0,233254.0,51419.0,Janeiro/2022,Janeiro,2022,['Indústria geral']
4481.0,3974.0,507.0,Janeiro/2022,Janeiro,2022,['Indústrias Extrativas']
269125.0,220323.0,48802.0,Janeiro/2022,Janeiro,2022,['Indústrias de Transformação']
1431.0,1409.0,22.0,Janeiro/2022,Janeiro,2022,['Eletricidade e Gás']
9636.0,7548.0,2088.0,Janeiro/2022,Janeiro,2022,"['Água, Esgoto, Atividades de Gestão de Resíduos e Descontaminação']"
182135.0,145326.0,36809.0,Janeiro/2022,Janeiro,2022,['Construção']
368425.0,428513.0,-60088.0,Janeiro/2022,Janeiro,2022,['Comércio; reparação de veículos automotores e motocicletas']
836171.0,734145.0,102026.0,Janeiro/2022,Janeiro,2022,['Serviços']
89047.0,83217.0,5830.0,Janeiro/2022,Janeiro,2022,"['Transporte, armazenagem e correio']"
101794.0,99787.0,2007.0,Janeiro/2022,Janeiro,2022,['Alojamento e alimentação']
443588.0,384815.0,58773.0,Janeiro/2022,Janeiro,2022,"['Informação, comunicação e atividades financeiras, imobiliárias, profissionais e administrativas']"
43182.0,35830.0,7352.0,Janeiro/2022,Janeiro,2022,['Informação e Comunicação']
18488.0,15191.0,3297.0,Janeiro/2022,Janeiro,2022,"['Atividades Financeiras, de Seguros e Serviços Relacionados']"
6998.0,5932.0,1066.0,Janeiro/2022,Janeiro,2022,['Atividades Imobiliárias']
68337.0,55437.0,12900.0,Janeiro/2022,Janeiro,2022,"['Atividades Profissionais, Científicas e Técnicas']"
306583.0,272425.0,34158.0,Janeiro/2022,Janeiro,2022,['Atividades Administrativas e Serviços Complementares']
154184.0,124615.0,29569.0,Janeiro/2022,Janeiro,2022,"['Administração pública, defesa e seguridade social, educação, saúde humana e serviços sociais']"
6084.0,4869.0,1215.0,Janeiro/2022,Janeiro,2022,"['Administração Pública, Defesa e Seguridade Social']"
58627.0,47431.0,11196.0,Janeiro/2022,Janeiro,2022,['Educação']
89473.0,72315.0,17158.0,Janeiro/2022,Janeiro,2022,['Saúde Humana e Serviços Sociais']
135.0,91.0,44.0,Janeiro/2022,Janeiro,2022,['Serviços domésticos']
47423.0,41620.0,5803.0,Janeiro/2022,Janeiro,2022,['Outros serviços']
11750.0,8905.0,2845.0,Janeiro/2022,Janeiro,2022,"['Artes, Cultura, Esporte e Recreação']"
35639.0,32678.0,2961.0,Janeiro/2022,Janeiro,2022,['Outras Atividades de Serviços']
34.0,37.0,-3.0,Janeiro/2022,Janeiro,2022,['Organismos Internacionais e Outras Instituições Extraterritoriais']
70254.0,65312.0,4942.0,Fevereiro/2020,Fevereiro,2020,"['Agricultura, pecuária, produção florestal, pesca e aquicultura']"
250477.0,214245.0,36232.0,Fevereiro/2020,Fevereiro,2020,['Indústria geral']
4463.0,3124.0,1339.0,Fevereiro/2020,Fevereiro,2020,['Indústrias Extrativas']
236146.0,202923.0,33223.0,Fevereiro/2020,Fevereiro,2020,['Indústrias de Transformação']
1492.0,1201.0,291.0,Fevereiro/2020,Fevereiro,2020,['Eletricidade e Gás']
8376.0,6997.0,1379.0,Fevereiro/2020,Fevereiro,2020,"['Água, Esgoto, Atividades de Gestão de Resíduos e Descontaminação']"
137113.0,113646.0,23467.0,Fevereiro/2020,Fevereiro,2020,['Construção']
333131.0,326888.0,6243.0,Fevereiro/2020,Fevereiro,2020,['Comércio; reparação de veículos automotores e motocicletas']
692857.0,565372.0,127485.0,Fevereiro/2020,Fevereiro,2020,['Serviços']
75198.0,66949.0,8249.0,Fevereiro/2020,Fevereiro,2020,"['Transporte, armazenagem e correio']"
98571.0,86881.0,11690.0,Fevereiro/2020,Fevereiro,2020,['Alojamento e alimentação']
304794.0,275072.0,29722.0,Fevereiro/2020,Fevereiro,2020,"['Informação, comunicação e atividades financeiras, imobiliárias, profissionais e administrativas']"
29035.0,24962.0,4073.0,Fevereiro/2020,Fevereiro,2020,['Informação e Comunicação']
14331.0,12432.0,1899.0,Fevereiro/2020,Fevereiro,2020,"['Atividades Financeiras, de Seguros e Serviços Relacionados']"
5649.0,4553.0,1096.0,Fevereiro/2020,Fevereiro,2020,['Atividades Imobiliárias']
45017.0,37882.0,7135.0,Fevereiro/2020,Fevereiro,2020,"['Atividades Profissionais, Científicas e Técnicas']"
210762.0,195243.0,15519.0,Fevereiro/2020,Fevereiro,2020,['Atividades Administrativas e Serviços Complementares']
168044.0,97591.0,70453.0,Fevereiro/2020,Fevereiro,2020,"['Administração pública, defesa e seguridade social, educação, saúde humana e serviços sociais']"
15470.0,4219.0,11251.0,Fevereiro/2020,Fevereiro,2020,"['Administração Pública, Defesa e Seguridade Social']"
92291.0,42802.0,49489.0,Fevereiro/2020,Fevereiro,2020,['Educação']
60283.0,50570.0,9713.0,Fevereiro/2020,Fevereiro,2020,['Saúde Humana e Serviços Sociais']
69.0,65.0,4.0,Fevereiro/2020,Fevereiro,2020,['Serviços domésticos']
46181.0,38814.0,7367.0,Fevereiro/2020,Fevereiro,2020,['Outros serviços']
9603.0,8132.0,1471.0,Fevereiro/2020,Fevereiro,2020,"['Artes, Cultura, Esporte e Recreação']"
36552.0,30664.0,5888.0,Fevereiro/2020,Fevereiro,2020,['Outras Atividades de Serviços']
26.0,18.0,8.0,Fevereiro/2020,Fevereiro,2020,['Organismos Internacionais e Outras Instituições Extraterritoriais']
69520.0,53425.0,16095.0,Janeiro/2020,Janeiro,2020,"['Agricultura, pecuária, produção florestal, pesca e aquicultura']"
240766.0,184933.0,55833.0,Janeiro/2020,Janeiro,2020,['Indústria geral']
3284.0,3127.0,157.0,Janeiro/2020,Janeiro,2020,['Indústrias Extrativas']
229525.0,174052.0,55473.0,Janeiro/2020,Janeiro,2020,['Indústrias de Transformação']
1161.0,1444.0,-283.0,Janeiro/2020,Janeiro,2020,['Eletricidade e Gás']
6796.0,6310.0,486.0,Janeiro/2020,Janeiro,2020,"['Água, Esgoto, Atividades de Gestão de Resíduos e Descontaminação']"
143164.0,111392.0,31772.0,Janeiro/2020,Janeiro,2020,['Construção']
308116.0,361605.0,-53489.0,Janeiro/2020,Janeiro,2020,['Comércio; reparação de veículos automotores e motocicletas']
623420.0,580953.0,42467.0,Janeiro/2020,Janeiro,2020,['Serviços']
65619.0,67714.0,-2095.0,Janeiro/2020,Janeiro,2020,"['Transporte, armazenagem e correio']"
93304.0,90524.0,2780.0,Janeiro/2020,Janeiro,2020,['Alojamento e alimentação']
315820.0,290143.0,25677.0,Janeiro/2020,Janeiro,2020,"['Informação, comunicação e atividades financeiras, imobiliárias, profissionais e administrativas']"
30854.0,25332.0,5522.0,Janeiro/2020,Janeiro,2020,['Informação e Comunicação']
14406.0,12676.0,1730.0,Janeiro/2020,Janeiro,2020,"['Atividades Financeiras, de Seguros e Serviços Relacionados']"
5654.0,4591.0,1063.0,Janeiro/2020,Janeiro,2020,['Atividades Imobiliárias']
48125.0,39035.0,9090.0,Janeiro/2020,Janeiro,2020,"['Atividades Profissionais, Científicas e Técnicas']"
216781.0,208509.0,8272.0,Janeiro/2020,Janeiro,2020,['Atividades Administrativas e Serviços Complementares']
109618.0,97563.0,12055.0,Janeiro/2020,Janeiro,2020,"['Administração pública, defesa e seguridade social, educação, saúde humana e serviços sociais']"
3961.0,4406.0,-445.0,Janeiro/2020,Janeiro,2020,"['Administração Pública, Defesa e Seguridade Social']"
50125.0,43144.0,6981.0,Janeiro/2020,Janeiro,2020,['Educação']
55532.0,50013.0,5519.0,Janeiro/2020,Janeiro,2020,['Saúde Humana e Serviços Sociais']
68.0,67.0,1.0,Janeiro/2020,Janeiro,2020,['Serviços domésticos']
38991.0,34942.0,4049.0,Janeiro/2020,Janeiro,2020,['Outros serviços']
9984.0,8064.0,1920.0,Janeiro/2020,Janeiro,2020,"['Artes, Cultura, Esporte e Recreação']"
28972.0,26848.0,2124.0,Janeiro/2020,Janeiro,2020,['Outras Atividades de Serviços']
35.0,30.0,5.0,Janeiro/2020,Janeiro,2020,['Organismos Internacionais e Outras Instituições Extraterritoriais']
85399.0,74273.0,11126.0,Abril/2021,Abril,2021,"['Agricultura, pecuária, produção florestal, pesca e aquicultura']"
243008.0,224368.0,18640.0,Abril/2021,Abril,2021,['Indústria geral']
5715.0,3347.0,2368.0,Abril/2021,Abril,2021,['Indústrias Extrativas']
227656.0,211188.0,16468.0,Abril/2021,Abril,2021,['Indústrias de Transformação']
1936.0,1496.0,440.0,Abril/2021,Abril,2021,['Eletricidade e Gás']
7701.0,8337.0,-636.0,Abril/2021,Abril,2021,"['Água, Esgoto, Atividades de Gestão de Resíduos e Descontaminação']"
148046.0,124930.0,23116.0,Abril/2021,Abril,2021,['Construção']
297448.0,290663.0,6785.0,Abril/2021,Abril,2021,['Comércio; reparação de veículos automotores e motocicletas']
622410.0,568155.0,54255.0,Abril/2021,Abril,2021,['Serviços']
77887.0,73484.0,4403.0,Abril/2021,Abril,2021,"['Transporte, armazenagem e correio']"
43690.0,68253.0,-24563.0,Abril/2021,Abril,2021,['Alojamento e alimentação']
339650.0,305569.0,34081.0,Abril/2021,Abril,2021,"['Informação, comunicação e atividades financeiras, imobiliárias, profissionais e administrativas']"
37781.0,27768.0,10013.0,Abril/2021,Abril,2021,['Informação e Comunicação']
20510.0,13989.0,6521.0,Abril/2021,Abril,2021,"['Atividades Financeiras, de Seguros e Serviços Relacionados']"
5640.0,4181.0,1459.0,Abril/2021,Abril,2021,['Atividades Imobiliárias']
55510.0,43238.0,12272.0,Abril/2021,Abril,2021,"['Atividades Profissionais, Científicas e Técnicas']"
220209.0,216393.0,3816.0,Abril/2021,Abril,2021,['Atividades Administrativas e Serviços Complementares']
128756.0,91926.0,36830.0,Abril/2021,Abril,2021,"['Administração pública, defesa e seguridade social, educação, saúde humana e serviços sociais']"
5201.0,3545.0,1656.0,Abril/2021,Abril,2021,"['Administração Pública, Defesa e Seguridade Social']"
31761.0,26827.0,4934.0,Abril/2021,Abril,2021,['Educação']
91794.0,61554.0,30240.0,Abril/2021,Abril,2021,['Saúde Humana e Serviços Sociais']
173.0,76.0,97.0,Abril/2021,Abril,2021,['Serviços domésticos']
32254.0,28847.0,3407.0,Abril/2021,Abril,2021,['Outros serviços']
4810.0,6636.0,-1826.0,Abril/2021,Abril,2021,"['Artes, Cultura, Esporte e Recreação']"
27415.0,22190.0,5225.0,Abril/2021,Abril,2021,['Outras Atividades de Serviços']
29.0,21.0,8.0,Abril/2021,Abril,2021,['Organismos Internacionais e Outras Instituições Extraterritoriais']
103950.0,88080.0,15870.0,Julho/2022,Julho,2022,"['Agricultura, pecuária, produção florestal, pesca e aquicultura']"
303323.0,252820.0,50503.0,Julho/2022,Julho,2022,['Indústria geral']
5960.0,4389.0,1571.0,Julho/2022,Julho,2022,['Indústrias Extrativas']
285057.0,238786.0,46271.0,Julho/2022,Julho,2022,['Indústrias de Transformação']
1669.0,1211.0,458.0,Julho/2022,Julho,2022,['Eletricidade e Gás']
10637.0,8434.0,2203.0,Julho/2022,Julho,2022,"['Água, Esgoto, Atividades de Gestão de Resíduos e Descontaminação']"
195679.0,163597.0,32082.0,Julho/2022,Julho,2022,['Construção']
437488.0,398914.0,38574.0,Julho/2022,Julho,2022,['Comércio; reparação de veículos automotores e motocicletas']
846097.0,764224.0,81873.0,Julho/2022,Julho,2022,['Serviços']
98793.0,85400.0,13393.0,Julho/2022,Julho,2022,"['Transporte, armazenagem e correio']"
113707.0,101274.0,12433.0,Julho/2022,Julho,2022,['Alojamento e alimentação']
439584.0,401642.0,37942.0,Julho/2022,Julho,2022,"['Informação, comunicação e atividades financeiras, imobiliárias, profissionais e administrativas']"
41737.0,36394.0,5343.0,Julho/2022,Julho,2022,['Informação e Comunicação']
20270.0,17351.0,2919.0,Julho/2022,Julho,2022,"['Atividades Financeiras, de Seguros e Serviços Relacionados']"
7187.0,7136.0,51.0,Julho/2022,Julho,2022,['Atividades Imobiliárias']
67349.0,57804.0,9545.0,Julho/2022,Julho,2022,"['Atividades Profissionais, Científicas e Técnicas']"
303041.0,282957.0,20084.0,Julho/2022,Julho,2022,['Atividades Administrativas e Serviços Complementares']
143874.0,133569.0,10305.0,Julho/2022,Julho,2022,"['Administração pública, defesa e seguridade social, educação, saúde humana e serviços sociais']"
9284.0,5185.0,4099.0,Julho/2022,Julho,2022,"['Administração Pública, Defesa e Seguridade Social']"
43166.0,50596.0,-7430.0,Julho/2022,Julho,2022,['Educação']
91424.0,77788.0,13636.0,Julho/2022,Julho,2022,['Saúde Humana e Serviços Sociais']
128.0,118.0,10.0,Julho/2022,Julho,2022,['Serviços domésticos']
50011.0,42221.0,7790.0,Julho/2022,Julho,2022,['Outros serviços']
11858.0,9597.0,2261.0,Julho/2022,Julho,2022,"['Artes, Cultura, Esporte e Recreação']"
38112.0,32590.0,5522.0,Julho/2022,Julho,2022,['Outras Atividades de Serviços']
41.0,34.0,7.0,Julho/2022,Julho,2022,['Organismos Internacionais e Outras Instituições Extraterritoriais']
73989.0,90786.0,-16797.0,Novembro/2021,Novembro,2021,"['Agricultura, pecuária, produção florestal, pesca e aquicultura']"
243191.0,235014.0,8177.0,Novembro/2021,Novembro,2021,['Indústria geral']
4588.0,4129.0,459.0,Novembro/2021,Novembro,2021,['Indústrias Extrativas']
227410.0,221478.0,5932.0,Novembro/2021,Novembro,2021,['Indústrias de Transformação']
1672.0,1843.0,-171.0,Novembro/2021,Novembro,2021,['Eletricidade e Gás']
9521.0,7564.0,1957.0,Novembro/2021,Novembro,2021,"['Água, Esgoto, Atividades de Gestão de Resíduos e Descontaminação']"
162384.0,149899.0,12485.0,Novembro/2021,Novembro,2021,['Construção']
475000.0,335713.0,139287.0,Novembro/2021,Novembro,2021,['Comércio; reparação de veículos automotores e motocicletas']
818202.0,637242.0,180960.0,Novembro/2021,Novembro,2021,['Serviços']
97221.0,79191.0,18030.0,Novembro/2021,Novembro,2021,"['Transporte, armazenagem e correio']"
118262.0,81846.0,36416.0,Novembro/2021,Novembro,2021,['Alojamento e alimentação']
448745.0,342917.0,105828.0,Novembro/2021,Novembro,2021,"['Informação, comunicação e atividades financeiras, imobiliárias, profissionais e administrativas']"
43322.0,31319.0,12003.0,Novembro/2021,Novembro,2021,['Informação e Comunicação']
21075.0,15733.0,5342.0,Novembro/2021,Novembro,2021,"['Atividades Financeiras, de Seguros e Serviços Relacionados']"
6939.0,5159.0,1780.0,Novembro/2021,Novembro,2021,['Atividades Imobiliárias']
64444.0,50647.0,13797.0,Novembro/2021,Novembro,2021,"['Atividades Profissionais, Científicas e Técnicas']"
312965.0,240059.0,72906.0,Novembro/2021,Novembro,2021,['Atividades Administrativas e Serviços Complementares']
108258.0,98275.0,9983.0,Novembro/2021,Novembro,2021,"['Administração pública, defesa e seguridade social, educação, saúde humana e serviços sociais']"
3736.0,3798.0,-62.0,Novembro/2021,Novembro,2021,"['Administração Pública, Defesa e Seguridade Social']"
32238.0,29624.0,2614.0,Novembro/2021,Novembro,2021,['Educação']
72284.0,64853.0,7431.0,Novembro/2021,Novembro,2021,['Saúde Humana e Serviços Sociais']
119.0,103.0,16.0,Novembro/2021,Novembro,2021,['Serviços domésticos']
45597.0,34910.0,10687.0,Novembro/2021,Novembro,2021,['Outros serviços']
11003.0,8478.0,2525.0,Novembro/2021,Novembro,2021,"['Artes, Cultura, Esporte e Recreação']"
34567.0,26406.0,8161.0,Novembro/2021,Novembro,2021,['Outras Atividades de Serviços']
27.0,26.0,1.0,Novembro/2021,Novembro,2021,['Organismos Internacionais e Outras Instituições Extraterritoriais']
